resume_id,split,file,pref_locations,pref_role_level,needs_sponsorship,other_constraints
R01,dev,R01.txt,Anywhere in US,new grad,no,
R02,dev,R02.txt,DC / Northern Virginia area or remote,new grad,no,
R03,eval,R03.txt,Anywhere in US,new grad,no,
R04,eval,R04.txt,Northeast US (NY / New England),new grad,no,
R05,eval,R05.txt,"Southeast US (Carolinas, GA, VA) or remote",new grad,no,
R06,eval,R06.txt,Anywhere in US,new grad,no,
R07,eval,R07.txt,Southeast US or remote,new grad,no,
R08,eval,R08.txt,Anywhere in US,new grad,no,
R09,eval,R09.txt,Anywhere in US,new grad,no,
R10,eval,R10.txt,Anywhere in US,new grad,no,
