pair_id,resume_id,job_id,company,title,location,relevant,reason_code,notes,labeler
R03__J004,R03,J004,SpaceX,"New Graduate Engineer, Software (Starship)","Hawthorne, CA",,,,
R03__J006,R03,J006,Tebra,Software Engineer I,United States - Remote,,,,
R03__J047,R03,J047,Field AI,"Robotics Engineer, Humanoid System Integration","Irvine, CA",,,,
R03__J013,R03,J013,Accenture,AI & Data Analyst,"Washington, DC",,,,
R03__J029,R03,J029,Synergy ECP,Software Engineer,"Annapolis Junction, MD",,,,
R03__J040,R03,J040,Field AI,"Embedded Systems Engineer, Robotics Hardware","Irvine, CA",,,,
R03__J023,R03,J023,The Trade Desk,Data Support Analyst I,Ventura,,,,
R03__J024,R03,J024,Kikoff,Software Engineer - Recent Grad,San Francisco,,,,
R03__J034,R03,J034,WisdomTree,AI Solutions Analyst,"Hybrid - New York, NY",,,,
R03__J032,R03,J032,Rainmaker,"Rainmaker Fellow, Machine Learning","El Segundo, CA",,,,
R04__J027,R04,J027,Global Lending Services,Software Developer,"Greenville, South Carolina",,,,
R04__J014,R04,J014,Trace3,System Engineer,"Colorado Springs, CO",,,,
R04__J001,R04,J001,Bracebridge Capital,Machine Learning Analyst ,"Boston, MA",,,,
R04__J017,R04,J017,Evolver,Research Scientist - Autonomous Systems,"Palo Alto, California",,,,
R04__J030,R04,J030,Vitana Pediatric & Orthodontic Partners,Data Analyst,"Plantation, FL",,,,
R04__J018,R04,J018,PlanetScale,Software Engineer - Internal Tools,San Francisco Office,,,,
R04__J041,R04,J041,Veeva Systems,Associate Software Engineer - 2027 Start Dates,California - Pleasanton,,,,
R04__J049,R04,J049,Global Lending Services,Data Developer,"Greenville, South Carolina",,,,
R04__J007,R04,J007,Major League Baseball,Data Scientist,"Cleveland, Ohio, United States",,,,
R04__J012,R04,J012,Scale AI,"Software Engineer, Public Sector - New Grad","San Francisco, CA",,,,
R05__J032,R05,J032,Rainmaker,"Rainmaker Fellow, Machine Learning","El Segundo, CA",,,,
R05__J048,R05,J048,Wyetech,Software Engineer 0/1,"Ft. Meade, Maryland",,,,
R05__J034,R05,J034,WisdomTree,AI Solutions Analyst,"Hybrid - New York, NY",,,,
R05__J036,R05,J036,Toyota Research Institute,AI Resident - Learning From Videos (LFV),"Los Altos, CA",,,,
R05__J042,R05,J042,Datalab USA,Production Programmer - Entry Level SQL Developer,"Germantown, MD",,,,
R05__J039,R05,J039,Belvedere Trading,Software Engineer - Entry Level 2027,"Chicago, Illinois",,,,
R05__J035,R05,J035,Rover,"Entry Level Software Engineer, Recommendations",Seattle,,,,
R05__J041,R05,J041,Veeva Systems,Associate Software Engineer - 2027 Start Dates,California - Pleasanton,,,,
R05__J026,R05,J026,Hatch IT,Junior Data Engineer (DEA),"Arlington, VA",,,,
R05__J006,R05,J006,Tebra,Software Engineer I,United States - Remote,,,,
R06__J038,R06,J038,Mulligan Funding,Data Scientist I - Management Trainee,"San Diego, CA",,,,
R06__J004,R06,J004,SpaceX,"New Graduate Engineer, Software (Starship)","Hawthorne, CA",,,,
R06__J030,R06,J030,Vitana Pediatric & Orthodontic Partners,Data Analyst,"Plantation, FL",,,,
R06__J033,R06,J033,Agile Defense,Software Developer I,"Aberdeen Proving Ground, MD",,,,
R06__J026,R06,J026,Hatch IT,Junior Data Engineer (DEA),"Arlington, VA",,,,
R06__J025,R06,J025,VML,Associate Data Insights Consultant ,"Austin, Texas, United States",,,,
R06__J027,R06,J027,Global Lending Services,Software Developer,"Greenville, South Carolina",,,,
R06__J020,R06,J020,Uare.ai,Software Engineer (Early Career),"Los Altos, CA",,,,
R06__J048,R06,J048,Wyetech,Software Engineer 0/1,"Ft. Meade, Maryland",,,,
R06__J049,R06,J049,Global Lending Services,Data Developer,"Greenville, South Carolina",,,,
R07__J026,R07,J026,Hatch IT,Junior Data Engineer (DEA),"Arlington, VA",,,,
R07__J013,R07,J013,Accenture,AI & Data Analyst,"Washington, DC",,,,
R07__J037,R07,J037,Kitware,OSTP Software Developer,"Clifton Park, New York",,,,
R07__J030,R07,J030,Vitana Pediatric & Orthodontic Partners,Data Analyst,"Plantation, FL",,,,
R07__J038,R07,J038,Mulligan Funding,Data Scientist I - Management Trainee,"San Diego, CA",,,,
R07__J048,R07,J048,Wyetech,Software Engineer 0/1,"Ft. Meade, Maryland",,,,
R07__J021,R07,J021,VML,Associate Data Engineer,"Austin, Texas, United States",,,,
R07__J036,R07,J036,Toyota Research Institute,AI Resident - Learning From Videos (LFV),"Los Altos, CA",,,,
R07__J029,R07,J029,Synergy ECP,Software Engineer,"Annapolis Junction, MD",,,,
R07__J008,R07,J008,Man Group,Technology Rotational Program - Associate Engineer,Massachusetts,,,,
R08__J024,R08,J024,Kikoff,Software Engineer - Recent Grad,San Francisco,,,,
R08__J009,R08,J009,Xaira Therapeutics,AI in Residence,"South San Francisco, California, United States",,,,
R08__J038,R08,J038,Mulligan Funding,Data Scientist I - Management Trainee,"San Diego, CA",,,,
R08__J049,R08,J049,Global Lending Services,Data Developer,"Greenville, South Carolina",,,,
R08__J025,R08,J025,VML,Associate Data Insights Consultant ,"Austin, Texas, United States",,,,
R08__J040,R08,J040,Field AI,"Embedded Systems Engineer, Robotics Hardware","Irvine, CA",,,,
R08__J015,R08,J015,Jumio,Research Engineer – Machine Learning & Robotics,"Lenexa, Kansas",,,,
R08__J030,R08,J030,Vitana Pediatric & Orthodontic Partners,Data Analyst,"Plantation, FL",,,,
R08__J008,R08,J008,Man Group,Technology Rotational Program - Associate Engineer,Massachusetts,,,,
R08__J036,R08,J036,Toyota Research Institute,AI Resident - Learning From Videos (LFV),"Los Altos, CA",,,,
R09__J034,R09,J034,WisdomTree,AI Solutions Analyst,"Hybrid - New York, NY",,,,
R09__J021,R09,J021,VML,Associate Data Engineer,"Austin, Texas, United States",,,,
R09__J004,R09,J004,SpaceX,"New Graduate Engineer, Software (Starship)","Hawthorne, CA",,,,
R09__J044,R09,J044,SEP,"Software Engineer (2027 start dates, in person)","Westfield, IN",,,,
R09__J016,R09,J016,Maven Securities,Graduate Developer Programme Chicago 2027,Chicago,,,,
R09__J024,R09,J024,Kikoff,Software Engineer - Recent Grad,San Francisco,,,,
R09__J027,R09,J027,Global Lending Services,Software Developer,"Greenville, South Carolina",,,,
R09__J009,R09,J009,Xaira Therapeutics,AI in Residence,"South San Francisco, California, United States",,,,
R09__J050,R09,J050,Demiurge Studios,2027 Associate Software Engineer,Remote,,,,
R09__J026,R09,J026,Hatch IT,Junior Data Engineer (DEA),"Arlington, VA",,,,
R10__J010,R10,J010,True Anomaly,"Software Engineer I, Elixir (New Grad)","Denver, CO or Long Beach, CA ",,,,
R10__J001,R10,J001,Bracebridge Capital,Machine Learning Analyst ,"Boston, MA",,,,
R10__J028,R10,J028,SteerBridge,Junior Data Engineer,"Vienna, VA",,,,
R10__J022,R10,J022,Anduril,"Software Engineer, Battlespace Awareness","Broomfield, Colorado, United States; Fort Collins, Colorado, United States",,,,
R10__J041,R10,J041,Veeva Systems,Associate Software Engineer - 2027 Start Dates,California - Pleasanton,,,,
R10__J013,R10,J013,Accenture,AI & Data Analyst,"Washington, DC",,,,
R10__J029,R10,J029,Synergy ECP,Software Engineer,"Annapolis Junction, MD",,,,
R10__J044,R10,J044,SEP,"Software Engineer (2027 start dates, in person)","Westfield, IN",,,,
R10__J033,R10,J033,Agile Defense,Software Developer I,"Aberdeen Proving Ground, MD",,,,
R10__J030,R10,J030,Vitana Pediatric & Orthodontic Partners,Data Analyst,"Plantation, FL",,,,
