resume_id,single_ndcg5,orchestrated_ndcg5,difference
P03,0.52129602861432,0.3558398982930782,-0.1654561303212418
P04,0.31276970350394734,0.40198176216091885,0.08921205865697152
P05,0.5147714448836774,0.5181822849033655,0.003410840019688055
P06,0.9726097514324383,0.0,-0.9726097514324383
P07,0.3903268291129203,0.27392380563315166,-0.11640302347976866
P08,0.4759908431563517,0.4208033850082279,-0.055187458148123814
P09,0.7936077488582781,0.6134208011042691,-0.180186947754009
P10,0.26261611549809705,0.3038254429214473,0.04120932742335026
P11,0.5641145759966671,0.36528481497527493,-0.19882976102139222
P12,0.6218898876824085,0.5302769568308308,-0.09161293085157773
P13,0.7261374126646398,0.8869465982421281,0.16080918557748825
P14,0.5107506869015087,0.5107506869015087,0.0
P15,0.6455067540472282,0.4719979152673484,-0.17350883877987983
P16,0.6130649606359733,0.6283297815089527,0.015264820872979423
P17,0.4724368800748339,0.5181822849033655,0.045745404828531566
P18,0.3001806199740869,0.25908325394994847,-0.04109736602413844
P19,0.32141844008722237,0.34014975247727924,0.018731312390056876
P20,0.37412988909329753,0.6540093280602414,0.27987943896694384
P21,0.49651524103365474,0.6156633900822389,0.11914814904858417
P22,0.8539316501572936,1.0,0.14606834984270645
P23,0.24633007655908976,0.44685352999185635,0.2005234534327666
P24,0.6880046488270163,0.5804025590460403,-0.10760208978097596
P25,0.3304505065120877,0.31920241556103246,-0.011248090951055223
P26,0.6765142965891183,0.543765634986343,-0.13274866160277532
P27,0.37317398749833647,0.4495791347196089,0.07640514722127245
P28,0.9306514554231109,0.7766857240748665,-0.15396573134824443
P29,0.6689670830051391,0.6134208011042691,-0.055546281900869965
P30,0.27727342735504823,0.2139862647345276,-0.06328716262052064
